"viagem_id","evento_sinal","latitude_sinal","longitude_sinal","datahora_sinal","evento_panico","latitude_panico","longitude_panico","datahora_panico","intervalo_minutos"
"1215440","PERDA DE SINAL","-24.439444444444","-47.796388888889","2025-07-03 13:57:31","BOTÃO DE PÂNICO","-24.528888888889","-47.857222222222","2025-07-03 14:13:31","16"
"1213966","PERDA DE SINAL","-21.809166666667","-52.531388888889","2025-07-03 17:16:31","BOTÃO DE PÂNICO","-21.809166666667","-52.531388888889","2025-07-03 17:16:31","0"
"1211947","PERDA DE SINAL","-9.5721","-35.7708","2025-07-04 11:33:31","BOTÃO DE PÂNICO","-9.5722","-35.7708","2025-07-04 11:11:31","22"
"1215876","PERDA DE SINAL","-18.1761","-41.707","2025-07-04 22:53:31","BOTÃO DE PÂNICO","-18.1761","-41.707","2025-07-04 22:59:31","6"
"1218795","PERDA DE SINAL RECORRENTE","-1.4711111111111","-60.277777777778","2025-07-05 13:21:31","BOTÃO DE PÂNICO","1.1494444444444","-60.406388888889","2025-07-05 13:48:31","27"
"1218795","PERDA DE SINAL RECORRENTE","-1.4711111111111","-60.277777777778","2025-07-05 13:21:31","BOTÃO DE PÂNICO","1.1494444444444","-60.406388888889","2025-07-05 13:48:31","27"
"1218795","PERDA DE SINAL RECORRENTE","-1.4711111111111","-60.277777777778","2025-07-05 13:32:31","BOTÃO DE PÂNICO","1.1494444444444","-60.406388888889","2025-07-05 13:48:31","16"
"1218795","PERDA DE SINAL RECORRENTE","-1.4711111111111","-60.277777777778","2025-07-05 13:32:31","BOTÃO DE PÂNICO","1.1494444444444","-60.406388888889","2025-07-05 13:48:31","16"
"1218797","PERDA DE SINAL","-12.3898","-49.1333","2025-07-07 01:34:31","BOTÃO DE PÂNICO","-12.3899","-49.1334","2025-07-07 01:49:31","15"
"1223477","PERDA DE SINAL","-16.483888888889","-49.092777777778","2025-07-10 06:05:31","BOTÃO DE PÂNICO","-16.6325","-49.201666666667","2025-07-10 06:19:31","14"
"1223477","PERDA DE SINAL","-16.6325","-49.201666666667","2025-07-10 06:16:31","BOTÃO DE PÂNICO","-16.6325","-49.201666666667","2025-07-10 06:19:31","3"
"1226293","PERDA DE SINAL RECORRENTE","-20.183055555556","-40.229166666667","2025-07-14 11:48:31","BOTÃO DE PÂNICO","-20.258055555556","-40.290277777778","2025-07-14 12:10:31","22"
"1226293","PERDA DE SINAL RECORRENTE","-20.183055555556","-40.229166666667","2025-07-14 11:48:31","BOTÃO DE PÂNICO","-20.258055555556","-40.290277777778","2025-07-14 12:10:31","22"
"1226293","PERDA DE SINAL RECORRENTE","-20.183055555556","-40.229166666667","2025-07-14 12:00:31","BOTÃO DE PÂNICO","-20.258055555556","-40.290277777778","2025-07-14 12:10:31","10"
"1226293","PERDA DE SINAL RECORRENTE","-20.183055555556","-40.229166666667","2025-07-14 12:00:31","BOTÃO DE PÂNICO","-20.258055555556","-40.290277777778","2025-07-14 12:10:31","10"
"1226293","PERDA DE SINAL","-20.183055555556","-40.234444444444","2025-07-14 12:04:31","BOTÃO DE PÂNICO","-20.258055555556","-40.290277777778","2025-07-14 12:10:31","6"
"1226293","PERDA DE SINAL","-20.258055555556","-40.290277777778","2025-07-14 12:16:31","BOTÃO DE PÂNICO","-20.258055555556","-40.290277777778","2025-07-14 12:10:31","6"
"1232626","PERDA DE SINAL RECORRENTE","-15.5575","-47.267777777778","2025-07-18 00:30:31","BOTÃO DE PÂNICO","-15.068055555556","-47.081666666667","2025-07-18 00:58:31","28"
"1232626","PERDA DE SINAL RECORRENTE","-15.5575","-47.267777777778","2025-07-18 00:30:31","BOTÃO DE PÂNICO","-15.068055555556","-47.081666666667","2025-07-18 00:58:31","28"
"1232626","PERDA DE SINAL RECORRENTE","-15.5575","-47.267777777778","2025-07-18 00:42:31","BOTÃO DE PÂNICO","-15.068055555556","-47.081666666667","2025-07-18 00:58:31","16"
"1232626","PERDA DE SINAL RECORRENTE","-15.5575","-47.267777777778","2025-07-18 00:42:31","BOTÃO DE PÂNICO","-15.068055555556","-47.081666666667","2025-07-18 00:58:31","16"
"1232229","PERDA DE SINAL","-8.1661111111111","-34.941111111111","2025-07-18 16:43:31","BOTÃO DE PÂNICO","-8.1661111111111","-34.941111111111","2025-07-18 16:58:31","15"
"1231130","PERDA DE SINAL","-18.7233","-41.9895","2025-07-19 05:29:31","BOTÃO DE PÂNICO","-18.7235","-41.9893","2025-07-19 05:55:31","26"
"1231130","PERDA DE SINAL","-18.7235","-41.9895","2025-07-19 05:47:31","BOTÃO DE PÂNICO","-18.7235","-41.9893","2025-07-19 05:55:31","8"
"1234507","PERDA DE SINAL","-21.1011584","-42.3770112","2025-07-20 10:29:31","BOTÃO DE PÂNICO","-21.1011584","-42.3770112","2025-07-20 10:10:31","19"
"1233943","PERDA DE SINAL","-16.513055555556","-43.553333333333","2025-07-21 06:11:31","BOTÃO DE PÂNICO","-16.513055555556","-43.553333333333","2025-07-21 06:11:31","0"
"1237791","PERDA DE SINAL","-23.499444444444","-46.831388888889","2025-07-23 15:57:31","BOTÃO DE PÂNICO","-23.499166666667","-46.831388888889","2025-07-23 15:28:31","29"
"1243253","PERDA DE SINAL","-21.0098","-41.1453","2025-07-29 20:34:31","BOTÃO DE PÂNICO","-21.0099","-41.1454","2025-07-29 21:01:31","27"
"1243253","PERDA DE SINAL","-21.0098","-41.1453","2025-07-29 20:52:31","BOTÃO DE PÂNICO","-21.0099","-41.1454","2025-07-29 21:01:31","9"
"1243253","PERDA DE SINAL","-21.0098","-41.1453","2025-07-30 05:00:31","BOTÃO DE PÂNICO","-21.0099","-41.1455","2025-07-30 05:13:31","13"
"1243253","PERDA DE SINAL","-21.0098","-41.1453","2025-07-30 05:43:31","BOTÃO DE PÂNICO","-21.0099","-41.1455","2025-07-30 05:13:31","30"
"1248155","PERDA DE SINAL RECORRENTE","-23.101388888889","-46.972777777778","2025-07-31 17:58:31","BOTÃO DE PÂNICO","-23.101388888889","-46.972777777778","2025-07-31 18:24:31","26"
"1248155","PERDA DE SINAL RECORRENTE","-23.101388888889","-46.972777777778","2025-07-31 17:58:31","BOTÃO DE PÂNICO","-23.101388888889","-46.972777777778","2025-07-31 18:24:31","26"
"1248155","PERDA DE SINAL RECORRENTE","-23.101388888889","-46.972777777778","2025-07-31 18:10:32","BOTÃO DE PÂNICO","-23.101388888889","-46.972777777778","2025-07-31 18:24:31","13"
"1248155","PERDA DE SINAL RECORRENTE","-23.101388888889","-46.972777777778","2025-07-31 18:10:32","BOTÃO DE PÂNICO","-23.101388888889","-46.972777777778","2025-07-31 18:24:31","13"
"1248155","PERDA DE SINAL RECORRENTE","-23.101388888889","-46.972777777778","2025-07-31 18:22:31","BOTÃO DE PÂNICO","-23.101388888889","-46.972777777778","2025-07-31 18:24:31","2"
"1248155","PERDA DE SINAL RECORRENTE","-23.101388888889","-46.972777777778","2025-07-31 18:22:31","BOTÃO DE PÂNICO","-23.101388888889","-46.972777777778","2025-07-31 18:24:31","2"
"1248155","PERDA DE SINAL RECORRENTE","-22.638055555556","-44.936944444444","2025-08-01 01:12:31","BOTÃO DE PÂNICO","-22.603055555556","-44.891111111111","2025-08-01 01:33:31","21"
"1248155","PERDA DE SINAL RECORRENTE","-22.638055555556","-44.936944444444","2025-08-01 01:12:31","BOTÃO DE PÂNICO","-22.603055555556","-44.891111111111","2025-08-01 01:33:31","21"
"1248155","PERDA DE SINAL RECORRENTE","-22.638055555556","-44.936944444444","2025-08-01 01:24:31","BOTÃO DE PÂNICO","-22.603055555556","-44.891111111111","2025-08-01 01:33:31","9"
"1248155","PERDA DE SINAL RECORRENTE","-22.638055555556","-44.936944444444","2025-08-01 01:24:31","BOTÃO DE PÂNICO","-22.603055555556","-44.891111111111","2025-08-01 01:33:31","9"
"1248155","PERDA DE SINAL","-22.603055555556","-44.891388888889","2025-08-01 01:34:31","BOTÃO DE PÂNICO","-22.603055555556","-44.891111111111","2025-08-01 01:33:31","1"
"1248155","PERDA DE SINAL","-22.529166666667","-44.743611111111","2025-08-01 01:45:31","BOTÃO DE PÂNICO","-22.603055555556","-44.891111111111","2025-08-01 01:33:31","12"
"1249097","PERDA DE SINAL","-25.57","-49.174166666667","2025-08-01 06:47:31","BOTÃO DE PÂNICO","-25.57","-49.174166666667","2025-08-01 06:24:31","23"
"1249929","PERDA DE SINAL","-14.759936","-46.6723328","2025-08-03 05:36:31","BOTÃO DE PÂNICO","-14.7599872","-46.6724096","2025-08-03 06:05:31","29"
"1249929","PERDA DE SINAL","-14.3897488","-46.4479904","2025-08-03 07:41:31","BOTÃO DE PÂNICO","-14.4091456","-46.45272","2025-08-03 07:19:31","22"
"1250037","PERDA DE SINAL","-16.047222222222","-47.993055555556","2025-08-04 11:59:31","BOTÃO DE PÂNICO","-16.047222222222","-47.993055555556","2025-08-04 12:27:31","28"
"1250037","PERDA DE SINAL RECORRENTE","-16.047222222222","-47.993055555556","2025-08-04 12:11:31","BOTÃO DE PÂNICO","-16.047222222222","-47.993055555556","2025-08-04 12:27:31","16"
"1250037","PERDA DE SINAL RECORRENTE","-16.047222222222","-47.993055555556","2025-08-04 12:11:31","BOTÃO DE PÂNICO","-16.047222222222","-47.993055555556","2025-08-04 12:27:31","16"
"1253713","PERDA DE SINAL","-23.510833333333","-46.926666666667","2025-08-06 06:54:31","BOTÃO DE PÂNICO","-23.510833333333","-46.926666666667","2025-08-06 06:54:31","0"
"1253713","PERDA DE SINAL","-23.510833333333","-46.926666666667","2025-08-06 06:54:31","BOTÃO DE PÂNICO","-23.510833333333","-46.926666666667","2025-08-06 07:18:31","24"
"1253713","PERDA DE SINAL","-23.510833333333","-46.926666666667","2025-08-06 07:15:31","BOTÃO DE PÂNICO","-23.510833333333","-46.926666666667","2025-08-06 06:54:31","21"
"1253713","PERDA DE SINAL","-23.510833333333","-46.926666666667","2025-08-06 07:15:31","BOTÃO DE PÂNICO","-23.510833333333","-46.926666666667","2025-08-06 07:18:31","3"
"1253713","PERDA DE SINAL","-23.510833333333","-46.926666666667","2025-08-06 07:15:31","BOTÃO DE PÂNICO","-23.510833333333","-46.926666666667","2025-08-06 07:29:31","14"
"1253713","PERDA DE SINAL","-23.510833333333","-46.926666666667","2025-08-06 07:15:31","BOTÃO DE PÂNICO","-23.510833333333","-46.926666666667","2025-08-06 07:42:31","27"
"1258546","PERDA DE SINAL","-20.189166666667","-40.24","2025-08-11 08:35:31","BOTÃO DE PÂNICO","-20.190277777778","-40.236944444444","2025-08-11 09:04:31","29"
"1258546","PERDA DE SINAL RECORRENTE","-20.189166666667","-40.24","2025-08-11 08:46:31","BOTÃO DE PÂNICO","-20.190277777778","-40.236944444444","2025-08-11 09:04:31","18"
"1258546","PERDA DE SINAL","-20.189166666667","-40.24","2025-08-11 08:46:31","BOTÃO DE PÂNICO","-20.190277777778","-40.236944444444","2025-08-11 09:04:31","18"
"1258546","PERDA DE SINAL RECORRENTE","-20.189166666667","-40.24","2025-08-11 08:46:31","BOTÃO DE PÂNICO","-20.190277777778","-40.236944444444","2025-08-11 09:04:31","18"
"1258546","PERDA DE SINAL RECORRENTE","-20.189166666667","-40.24","2025-08-11 08:58:31","BOTÃO DE PÂNICO","-20.190277777778","-40.236944444444","2025-08-11 09:04:31","6"
"1258546","PERDA DE SINAL RECORRENTE","-20.189166666667","-40.24","2025-08-11 08:58:31","BOTÃO DE PÂNICO","-20.190277777778","-40.236944444444","2025-08-11 09:04:31","6"
"1267526","PERDA DE SINAL","-17.3277","-49.2396","2025-08-19 08:24:31","BOTÃO DE PÂNICO","-17.5029","-49.3152","2025-08-19 08:39:31","15"
"1267526","PERDA DE SINAL","-17.3277","-49.2396","2025-08-19 08:24:31","BOTÃO DE PÂNICO","-17.509","-49.4061","2025-08-19 08:51:31","27"
"1269244","PERDA DE SINAL","-20.188888888889","-40.240277777778","2025-08-20 08:31:31","BOTÃO DE PÂNICO","-20.188888888889","-40.240555555556","2025-08-20 08:55:31","24"
"1273404","PERDA DE SINAL","-22.8114","-43.2808","2025-08-23 11:48:31","BOTÃO DE PÂNICO","-22.8114","-43.2808","2025-08-23 11:25:31","23"
"1275552","PERDA DE SINAL RECORRENTE","-12.0837376","-38.3497216","2025-08-28 20:56:31","BOTÃO DE PÂNICO","-12.0837632","-38.349696","2025-08-28 21:22:31","26"
"1275552","PERDA DE SINAL RECORRENTE","-12.0837376","-38.3497216","2025-08-28 21:08:32","BOTÃO DE PÂNICO","-12.0837632","-38.349696","2025-08-28 21:22:31","13"
"1275552","PERDA DE SINAL RECORRENTE","-12.0837376","-38.3497216","2025-08-28 21:20:31","BOTÃO DE PÂNICO","-12.0837632","-38.349696","2025-08-28 21:22:31","2"
"1275552","PERDA DE SINAL","-12.0837632","-38.349696","2025-08-28 21:42:31","BOTÃO DE PÂNICO","-12.0837632","-38.349696","2025-08-28 21:22:31","20"
"1275552","PERDA DE SINAL RECORRENTE","-12.0837632","-38.349696","2025-08-28 21:52:31","BOTÃO DE PÂNICO","-12.0837632","-38.349696","2025-08-28 21:22:31","30"
"1290350","PERDA DE SINAL","-23.5125","-46.925833333333","2025-09-08 15:24:31","BOTÃO DE PÂNICO","-23.512777777778","-46.925555555556","2025-09-08 14:54:31","30"
"1298171","PERDA DE SINAL","-22.841111111111","-47.144722222222","2025-09-15 14:37:31","BOTÃO DE PÂNICO","-22.841111111111","-47.145","2025-09-15 15:06:31","29"
"1298171","PERDA DE SINAL RECORRENTE","-22.841111111111","-47.144722222222","2025-09-15 14:48:31","BOTÃO DE PÂNICO","-22.841111111111","-47.145","2025-09-15 15:06:31","18"
"1298171","PERDA DE SINAL RECORRENTE","-22.841111111111","-47.144722222222","2025-09-15 14:48:31","BOTÃO DE PÂNICO","-22.841111111111","-47.145","2025-09-15 15:06:31","18"
"1299688","PERDA DE SINAL","-16.621388888889","-49.206944444444","2025-09-16 09:21:31","BOTÃO DE PÂNICO","-16.621388888889","-49.206944444444","2025-09-16 09:03:31","18"
"1299688","PERDA DE SINAL","-16.621388888889","-49.206944444444","2025-09-16 09:21:31","BOTÃO DE PÂNICO","-16.641111111111","-49.207777777778","2025-09-16 09:46:31","25"
"1299688","PERDA DE SINAL RECORRENTE","-16.621388888889","-49.206944444444","2025-09-16 09:33:31","BOTÃO DE PÂNICO","-16.621388888889","-49.206944444444","2025-09-16 09:03:31","30"
"1299688","PERDA DE SINAL RECORRENTE","-16.621388888889","-49.206944444444","2025-09-16 09:33:31","BOTÃO DE PÂNICO","-16.641111111111","-49.207777777778","2025-09-16 09:46:31","13"
"1299688","PERDA DE SINAL RECORRENTE","-16.621388888889","-49.206944444444","2025-09-16 09:33:31","BOTÃO DE PÂNICO","-16.621388888889","-49.206944444444","2025-09-16 09:03:31","30"
"1299688","PERDA DE SINAL RECORRENTE","-16.621388888889","-49.206944444444","2025-09-16 09:33:31","BOTÃO DE PÂNICO","-16.641111111111","-49.207777777778","2025-09-16 09:46:31","13"
"1300592","PERDA DE SINAL","-29.990277777778","-51.172222222222","2025-09-16 19:09:31","BOTÃO DE PÂNICO","-29.990277777778","-51.172222222222","2025-09-16 19:33:31","24"
"1300592","PERDA DE SINAL RECORRENTE","-29.990277777778","-51.172222222222","2025-09-16 19:20:31","BOTÃO DE PÂNICO","-29.990277777778","-51.172222222222","2025-09-16 19:33:31","13"
"1300592","PERDA DE SINAL RECORRENTE","-29.990277777778","-51.172222222222","2025-09-16 19:20:31","BOTÃO DE PÂNICO","-29.990277777778","-51.172222222222","2025-09-16 19:33:31","13"
"1305507","PERDA DE SINAL RECORRENTE","-22.818611111111","-43.287777777778","2025-09-20 11:14:31","BOTÃO DE PÂNICO","-22.827777777778","-43.309444444444","2025-09-20 11:41:31","27"
"1305507","PERDA DE SINAL RECORRENTE","-22.818611111111","-43.287777777778","2025-09-20 11:14:31","BOTÃO DE PÂNICO","-22.827777777778","-43.309444444444","2025-09-20 11:41:31","27"
"1313353","PERDA DE SINAL","-23.543611111111","-47.651111111111","2025-09-26 16:04:31","BOTÃO DE PÂNICO","-23.536666666667","-47.503333333333","2025-09-26 16:29:31","25"
"1313671","PERDA DE SINAL","-23.349166666667","-46.838055555556","2025-09-27 11:58:31","BOTÃO DE PÂNICO","-23.349166666667","-46.838055555556","2025-09-27 12:25:31","27"
"1313671","PERDA DE SINAL","-23.349166666667","-46.838055555556","2025-09-27 12:09:31","BOTÃO DE PÂNICO","-23.349166666667","-46.838055555556","2025-09-27 12:25:31","16"
"1313671","PERDA DE SINAL","-23.349166666667","-46.838055555556","2025-09-27 12:09:31","BOTÃO DE PÂNICO","-23.344166666667","-46.837777777778","2025-09-27 12:36:31","27"
"1313671","PERDA DE SINAL","-23.349166666667","-46.838055555556","2025-09-27 12:20:31","BOTÃO DE PÂNICO","-23.349166666667","-46.838055555556","2025-09-27 12:25:31","5"
"1313671","PERDA DE SINAL","-23.349166666667","-46.838055555556","2025-09-27 12:20:31","BOTÃO DE PÂNICO","-23.344166666667","-46.837777777778","2025-09-27 12:36:31","16"
"1313895","PERDA DE SINAL RECORRENTE","-18.7215","-41.9897","2025-09-28 03:34:31","BOTÃO DE PÂNICO","-18.7215","-41.9898","2025-09-28 03:59:31","25"
"1313895","PERDA DE SINAL","-18.7215","-41.9898","2025-09-28 03:57:31","BOTÃO DE PÂNICO","-18.7215","-41.9898","2025-09-28 03:59:31","2"
"1313895","PERDA DE SINAL","-18.7216","-41.9899","2025-09-28 04:17:31","BOTÃO DE PÂNICO","-18.7215","-41.9898","2025-09-28 03:59:31","18"
"1313827","PERDA DE SINAL","-15.566944444444","-47.246111111111","2025-09-28 21:43:31","BOTÃO DE PÂNICO","-15.351388888889","-47.116111111111","2025-09-28 22:08:31","25"
"1313827","PERDA DE SINAL RECORRENTE","-15.566944444444","-47.246111111111","2025-09-28 21:54:31","BOTÃO DE PÂNICO","-15.351388888889","-47.116111111111","2025-09-28 22:08:31","14"
"1313827","PERDA DE SINAL RECORRENTE","-15.566944444444","-47.246111111111","2025-09-28 21:54:31","BOTÃO DE PÂNICO","-15.351388888889","-47.116111111111","2025-09-28 22:08:31","14"
"1314238","PERDA DE SINAL","-23.4925","-46.551388888889","2025-09-29 16:44:31","BOTÃO DE PÂNICO","-23.515555555556","-46.659444444444","2025-09-29 17:09:31","25"
"1314238","PERDA DE SINAL RECORRENTE","-23.4925","-46.551388888889","2025-09-29 16:54:31","BOTÃO DE PÂNICO","-23.515555555556","-46.659444444444","2025-09-29 17:09:31","15"
"1314238","PERDA DE SINAL RECORRENTE","-23.4925","-46.551388888889","2025-09-29 16:54:31","BOTÃO DE PÂNICO","-23.515555555556","-46.659444444444","2025-09-29 17:09:31","15"
"1315317","PERDA DE SINAL","-21.630277777778","-53.5925","2025-09-30 18:53:31","BOTÃO DE PÂNICO","-21.583055555556","-54.108055555556","2025-09-30 19:19:31","26"
"1319168","PERDA DE SINAL","-20.190555555556","-40.236944444444","2025-10-03 10:05:31","BOTÃO DE PÂNICO","-20.191111111111","-40.237222222222","2025-10-03 09:45:31","20"
"1324328","PERDA DE SINAL RECORRENTE","-21.093888888889","-41.250277777778","2025-10-07 19:14:31","BOTÃO DE PÂNICO","-21.093888888889","-41.25","2025-10-07 19:35:31","21"
"1324328","PERDA DE SINAL RECORRENTE","-21.093888888889","-41.250277777778","2025-10-07 19:14:31","BOTÃO DE PÂNICO","-21.093888888889","-41.25","2025-10-07 19:35:31","21"
"1328302","PERDA DE SINAL","-25.062","-48.5638","2025-10-10 01:25:31","BOTÃO DE PÂNICO","-24.961","-48.4168","2025-10-10 01:55:31","30"
"1328302","PERDA DE SINAL RECORRENTE","-25.062","-48.5638","2025-10-10 01:36:31","BOTÃO DE PÂNICO","-24.961","-48.4168","2025-10-10 01:55:31","19"
"1328302","PERDA DE SINAL RECORRENTE","-25.062","-48.5638","2025-10-10 01:48:31","BOTÃO DE PÂNICO","-24.961","-48.4168","2025-10-10 01:55:31","7"
"1328302","PERDA DE SINAL","-24.961","-48.4168","2025-10-10 02:16:31","BOTÃO DE PÂNICO","-24.961","-48.4168","2025-10-10 01:55:31","21"
"1328302","PERDA DE SINAL RECORRENTE","-24.961","-48.4168","2025-10-10 02:38:31","BOTÃO DE PÂNICO","-24.9545","-48.3298","2025-10-10 02:59:31","21"
"1328302","PERDA DE SINAL RECORRENTE","-24.961","-48.4168","2025-10-10 02:50:31","BOTÃO DE PÂNICO","-24.9545","-48.3298","2025-10-10 02:59:31","9"
"1328302","PERDA DE SINAL RECORRENTE","-24.9545","-48.3298","2025-10-10 03:01:31","BOTÃO DE PÂNICO","-24.9545","-48.3298","2025-10-10 02:59:31","2"
"1328302","PERDA DE SINAL","-24.9338","-48.285","2025-10-10 03:27:31","BOTÃO DE PÂNICO","-24.9545","-48.3298","2025-10-10 02:59:31","28"
"1327576","PERDA DE SINAL","-21.525277777778","-42.108888888889","2025-10-10 09:57:31","BOTÃO DE PÂNICO","-21.325555555556","-41.873611111111","2025-10-10 10:21:31","24"
"1327576","PERDA DE SINAL RECORRENTE","-21.525277777778","-42.108888888889","2025-10-10 10:08:31","BOTÃO DE PÂNICO","-21.325555555556","-41.873611111111","2025-10-10 10:21:31","13"
"1327576","PERDA DE SINAL RECORRENTE","-21.525277777778","-42.108888888889","2025-10-10 10:08:31","BOTÃO DE PÂNICO","-21.325555555556","-41.873611111111","2025-10-10 10:21:31","13"
"1326802","PERDA DE SINAL","-18.7212","-41.9888","2025-10-10 21:01:31","BOTÃO DE PÂNICO","-18.5756","-41.9173","2025-10-10 21:27:31","26"
"1331515","PERDA DE SINAL","-20.7977","-49.3334","2025-10-14 13:20:31","BOTÃO DE PÂNICO","-20.7922","-49.3316","2025-10-14 12:51:31","29"
"1332925","PERDA DE SINAL","-3.8519444444444","-38.572222222222","2025-10-15 08:12:31","BOTÃO DE PÂNICO","-3.8486111111111","-38.569722222222","2025-10-15 08:24:31","12"
"1339531","PERDA DE SINAL","-23.5129","-46.9274","2025-10-21 10:10:31","BOTÃO DE PÂNICO","-23.5111","-46.9262","2025-10-21 10:19:31","9"
"1341426","PERDA DE SINAL RECORRENTE","-23.328055555556","-46.848888888889","2025-10-22 13:53:31","BOTÃO DE PÂNICO","-23.328055555556","-46.848888888889","2025-10-22 14:21:31","28"
"1341426","PERDA DE SINAL RECORRENTE","-23.328055555556","-46.848888888889","2025-10-22 13:53:31","BOTÃO DE PÂNICO","-23.328055555556","-46.848888888889","2025-10-22 14:21:31","28"
"1341521","PERDA DE SINAL","-22.2628","-43.4497","2025-10-23 13:19:31","BOTÃO DE PÂNICO","-22.3324","-43.546","2025-10-23 13:23:31","4"
"1340940","PERDA DE SINAL","-17.785","-41.5008","2025-10-24 15:17:31","BOTÃO DE PÂNICO","-17.785","-41.5007","2025-10-24 15:29:31","12"
"1340940","PERDA DE SINAL","-17.785","-41.5008","2025-10-24 15:17:31","BOTÃO DE PÂNICO","-17.785","-41.5008","2025-10-24 15:40:31","23"
"1340940","PERDA DE SINAL","-17.785","-41.5007","2025-10-24 15:28:31","BOTÃO DE PÂNICO","-17.785","-41.5007","2025-10-24 15:29:31","1"
"1340940","PERDA DE SINAL","-17.785","-41.5007","2025-10-24 15:28:31","BOTÃO DE PÂNICO","-17.785","-41.5008","2025-10-24 15:40:31","12"
"1345214","PERDA DE SINAL","-21.5331","-42.15","2025-10-26 00:36:31","BOTÃO DE PÂNICO","-21.3855","-41.9647","2025-10-26 01:01:31","25"
"1345214","PERDA DE SINAL RECORRENTE","-21.5331","-42.15","2025-10-26 00:46:31","BOTÃO DE PÂNICO","-21.3855","-41.9647","2025-10-26 01:01:31","15"
"1345214","PERDA DE SINAL RECORRENTE","-21.5331","-42.15","2025-10-26 00:46:31","BOTÃO DE PÂNICO","-21.3855","-41.9647","2025-10-26 01:12:31","26"
"1345214","PERDA DE SINAL RECORRENTE","-21.5331","-42.15","2025-10-26 00:58:31","BOTÃO DE PÂNICO","-21.3855","-41.9647","2025-10-26 01:01:31","3"
"1345214","PERDA DE SINAL RECORRENTE","-21.5331","-42.15","2025-10-26 00:58:31","BOTÃO DE PÂNICO","-21.3855","-41.9647","2025-10-26 01:12:31","14"
"1345214","PERDA DE SINAL","-21.3672","-41.9379","2025-10-26 01:47:31","BOTÃO DE PÂNICO","-21.377","-41.9546","2025-10-26 01:29:31","18"
"1344826","PERDA DE SINAL","-14.8312","-40.8373","2025-10-27 12:04:31","BOTÃO DE PÂNICO","-14.8293","-40.8296","2025-10-27 12:07:31","3"
"1346783","PERDA DE SINAL","-29.8662","-51.2271","2025-10-27 18:39:31","BOTÃO DE PÂNICO","-29.8039","-51.1766","2025-10-27 18:57:31","18"
"1347892","PERDA DE SINAL","-16.2685","-42.5928","2025-10-30 00:36:31","BOTÃO DE PÂNICO","-16.2685","-42.5928","2025-10-30 00:25:31","11"
"1347892","PERDA DE SINAL","-16.0054","-41.9293","2025-10-30 01:43:31","BOTÃO DE PÂNICO","-15.9797","-41.8355","2025-10-30 01:51:31","8"
"1347892","PERDA DE SINAL","-16.0023","-41.8118","2025-10-30 02:11:31","BOTÃO DE PÂNICO","-15.9797","-41.8355","2025-10-30 01:51:31","20"
"1354170","PERDA DE SINAL RECORRENTE","-23.568888888889","-46.701388888889","2025-11-03 14:30:31","BOTÃO DE PÂNICO","-23.568888888889","-46.701111111111","2025-11-03 14:52:31","22"
"1354170","PERDA DE SINAL RECORRENTE","-23.568888888889","-46.701388888889","2025-11-03 14:30:31","BOTÃO DE PÂNICO","-23.568888888889","-46.701111111111","2025-11-03 14:52:31","22"
"1354170","PERDA DE SINAL RECORRENTE","-23.568888888889","-46.701388888889","2025-11-03 14:42:31","BOTÃO DE PÂNICO","-23.568888888889","-46.701111111111","2025-11-03 14:52:31","10"
"1354170","PERDA DE SINAL RECORRENTE","-23.568888888889","-46.701388888889","2025-11-03 14:42:31","BOTÃO DE PÂNICO","-23.568888888889","-46.701111111111","2025-11-03 14:52:31","10"
"1354170","PERDA DE SINAL","-23.568888888889","-46.701111111111","2025-11-03 14:52:31","BOTÃO DE PÂNICO","-23.568888888889","-46.701111111111","2025-11-03 14:52:31","0"
"1354943","PERDA DE SINAL RECORRENTE","-20.185","-40.251944444444","2025-11-04 13:34:31","BOTÃO DE PÂNICO","-20.190277777778","-40.236944444444","2025-11-04 13:55:31","21"
"1354943","PERDA DE SINAL RECORRENTE","-20.185","-40.251944444444","2025-11-04 13:34:31","BOTÃO DE PÂNICO","-20.190277777778","-40.236944444444","2025-11-04 13:55:31","21"
"1360548","PERDA DE SINAL","-22.396944444444","-42.579444444444","2025-11-07 21:46:31","BOTÃO DE PÂNICO","-22.396944444444","-42.579444444444","2025-11-07 21:48:31","2"
"1361414","PERDA DE SINAL","-23.510555555556","-46.926388888889","2025-11-10 09:26:31","BOTÃO DE PÂNICO","-23.510555555556","-46.926666666667","2025-11-10 08:59:31","27"
"1361414","PERDA DE SINAL","-23.510555555556","-46.926388888889","2025-11-10 09:26:31","BOTÃO DE PÂNICO","-23.510555555556","-46.926666666667","2025-11-10 09:10:31","16"
"1361414","PERDA DE SINAL","-23.510555555556","-46.926388888889","2025-11-10 09:26:31","BOTÃO DE PÂNICO","-23.510555555556","-46.926388888889","2025-11-10 09:26:31","0"
"1361414","PERDA DE SINAL","-23.510555555556","-46.926388888889","2025-11-10 09:26:31","BOTÃO DE PÂNICO","-23.510555555556","-46.926666666667","2025-11-10 09:37:31","11"
"1362469","PERDA DE SINAL","-22.826944444444","-46.319166666667","2025-11-11 09:25:31","BOTÃO DE PÂNICO","-22.826666666667","-46.319166666667","2025-11-11 09:36:31","11"
"1363896","PERDA DE SINAL","-16.820833333333","-49.224166666667","2025-11-11 19:36:31","BOTÃO DE PÂNICO","-16.821944444444","-49.225555555556","2025-11-11 19:44:31","8"
"1363896","PERDA DE SINAL","-16.820833333333","-49.224166666667","2025-11-11 19:36:31","BOTÃO DE PÂNICO","-16.821944444444","-49.225555555556","2025-11-11 20:05:31","29"
"1366659","PERDA DE SINAL","-23.469166666667","-46.478888888889","2025-11-14 05:01:31","BOTÃO DE PÂNICO","-23.469444444444","-46.478888888889","2025-11-14 05:31:31","30"
"1366659","PERDA DE SINAL","-23.469444444444","-46.479166666667","2025-11-14 05:12:31","BOTÃO DE PÂNICO","-23.469444444444","-46.478888888889","2025-11-14 05:31:31","19"
"1369047","PERDA DE SINAL","-16.3154944","-43.1134208","2025-11-18 12:02:31","BOTÃO DE PÂNICO ACIONADO","-16.2993408","-42.7273632","2025-11-18 12:19:31","17"
"1369047","PERDA DE SINAL RECORRENTE","-16.3154944","-43.1134208","2025-11-18 12:12:31","BOTÃO DE PÂNICO ACIONADO","-16.2993408","-42.7273632","2025-11-18 12:19:31","7"
"1369047","PERDA DE SINAL","-12.9696768","-39.9326976","2025-11-19 09:21:31","BOTÃO DE PÂNICO ACIONADO","-12.6907704","-39.6923328","2025-11-19 09:41:31","20"
"1369047","PERDA DE SINAL RECORRENTE","-12.7384064","-39.7848832","2025-11-19 09:32:31","BOTÃO DE PÂNICO ACIONADO","-12.6907704","-39.6923328","2025-11-19 09:41:31","9"
"1377326","PERDA DE SINAL","-26.716","-50.3023","2025-11-25 22:50:31","BOTÃO DE PÂNICO","-26.8583","-50.4043","2025-11-25 23:15:31","25"
"1377326","PERDA DE SINAL","-26.809","-50.3447","2025-11-25 23:02:31","BOTÃO DE PÂNICO","-26.8583","-50.4043","2025-11-25 23:15:31","13"
"1377326","PERDA DE SINAL","-26.8583","-50.4043","2025-11-25 23:13:31","BOTÃO DE PÂNICO","-26.8583","-50.4043","2025-11-25 23:15:31","2"
"1377326","PERDA DE SINAL","-26.8583","-50.4042","2025-11-25 23:24:31","BOTÃO DE PÂNICO","-26.8583","-50.4043","2025-11-25 23:15:31","9"
"1377326","PERDA DE SINAL","-26.8583","-50.4042","2025-11-25 23:24:31","BOTÃO DE PÂNICO","-26.8866","-50.4326","2025-11-25 23:46:31","22"
"1378290","PERDA DE SINAL","-16.632222222222","-49.201666666667","2025-11-26 06:20:31","BOTÃO DE PÂNICO","-16.632222222222","-49.201388888889","2025-11-26 06:33:31","13"
"1378290","PERDA DE SINAL","-16.632222222222","-49.201388888889","2025-11-26 06:31:31","BOTÃO DE PÂNICO","-16.632222222222","-49.201388888889","2025-11-26 06:33:31","2"
"1378874","PERDA DE SINAL","-24.6533","-47.9599","2025-11-26 19:44:31","BOTÃO DE PÂNICO","-25.034","-48.5353","2025-11-26 19:55:31","11"
"1378874","PERDA DE SINAL","-25.034","-48.5353","2025-11-26 19:55:31","BOTÃO DE PÂNICO","-25.034","-48.5353","2025-11-26 19:55:31","0"
"1383707","PERDA DE SINAL","-23.174444444444","-46.983333333333","2025-12-01 10:34:31","BOTÃO DE PÂNICO","-23.175","-46.984166666667","2025-12-01 10:47:31","13"
"1382871","PERDA DE SINAL","-20.190555555556","-40.237222222222","2025-12-01 10:36:31","BOTÃO DE PÂNICO","-20.190277777778","-40.236944444444","2025-12-01 10:14:31","22"
"1384095","PERDA DE SINAL","-23.510277777778","-46.928333333333","2025-12-01 13:52:31","BOTÃO DE PÂNICO","-23.510277777778","-46.928611111111","2025-12-01 14:05:31","13"
"1384095","PERDA DE SINAL","-23.510277777778","-46.928333333333","2025-12-01 13:52:31","BOTÃO DE PÂNICO","-23.510277777778","-46.928611111111","2025-12-01 14:16:31","24"
"1384095","PERDA DE SINAL RECORRENTE","-23.510277777778","-46.928333333333","2025-12-01 14:02:31","BOTÃO DE PÂNICO","-23.510277777778","-46.928611111111","2025-12-01 14:05:31","3"
"1384095","PERDA DE SINAL RECORRENTE","-23.510277777778","-46.928333333333","2025-12-01 14:02:31","BOTÃO DE PÂNICO","-23.510277777778","-46.928611111111","2025-12-01 14:16:31","14"
"1384095","PERDA DE SINAL RECORRENTE","-23.510277777778","-46.928333333333","2025-12-01 14:02:31","BOTÃO DE PÂNICO","-23.510277777778","-46.928611111111","2025-12-01 14:05:31","3"
"1384095","PERDA DE SINAL RECORRENTE","-23.510277777778","-46.928333333333","2025-12-01 14:02:31","BOTÃO DE PÂNICO","-23.510277777778","-46.928611111111","2025-12-01 14:16:31","14"
"1385621","PERDA DE SINAL","-22.864444444444","-46.349166666667","2025-12-02 13:48:31","BOTÃO DE PÂNICO","-22.864444444444","-46.349166666667","2025-12-02 13:28:31","20"
"1383267","PERDA DE SINAL","-19.4413","-51.3615","2025-12-02 14:16:31","BOTÃO DE PÂNICO","-19.3184","-51.4348","2025-12-02 14:45:31","29"
"1383267","PERDA DE SINAL","-19.3183","-51.4348","2025-12-02 14:27:31","BOTÃO DE PÂNICO","-19.3184","-51.4348","2025-12-02 14:45:31","18"
"1383267","PERDA DE SINAL","-19.3183","-51.4348","2025-12-02 14:27:31","BOTÃO DE PÂNICO","-19.3183","-51.4347","2025-12-02 14:56:31","29"
"1383267","PERDA DE SINAL","-19.3183","-51.4347","2025-12-02 15:09:31","BOTÃO DE PÂNICO","-19.3184","-51.4348","2025-12-02 14:45:31","24"
"1383267","PERDA DE SINAL","-19.3183","-51.4347","2025-12-02 15:09:31","BOTÃO DE PÂNICO","-19.3183","-51.4347","2025-12-02 14:56:31","13"
"1388382","PERDA DE SINAL","-12.911111111111","-38.461111111111","2025-12-04 16:11:31","BOTÃO DE PÂNICO","-12.911111111111","-38.461111111111","2025-12-04 16:36:31","25"
"1388382","PERDA DE SINAL","-12.911111111111","-38.461111111111","2025-12-04 16:22:31","BOTÃO DE PÂNICO","-12.911111111111","-38.461111111111","2025-12-04 16:36:31","14"
"1387751","PERDA DE SINAL","-21.218","-41.7382","2025-12-05 10:32:31","BOTÃO DE PÂNICO","-21.218","-41.7382","2025-12-05 10:11:31","21"
"1393307","PERDA DE SINAL","-23.426111111111","-46.392777777778","2025-12-09 10:38:31","BOTÃO DE PÂNICO","-23.423611111111","-46.387777777778","2025-12-09 10:41:31","3"
"1393902","PERDA DE SINAL RECORRENTE","-23.425277777778","-46.391111111111","2025-12-10 17:26:31","BOTÃO DE PÂNICO","-23.425555555556","-46.391111111111","2025-12-10 17:47:31","21"
"1393902","PERDA DE SINAL RECORRENTE","-23.425277777778","-46.391111111111","2025-12-10 17:26:31","BOTÃO DE PÂNICO","-23.425555555556","-46.391111111111","2025-12-10 17:47:31","21"
"1393902","PERDA DE SINAL","-23.425277777778","-46.391111111111","2025-12-10 18:12:31","BOTÃO DE PÂNICO","-23.425555555556","-46.391111111111","2025-12-10 17:47:31","25"
"1395780","PERDA DE SINAL RECORRENTE","-24.966111111111","-48.468888888889","2025-12-11 11:44:31","BOTÃO DE PÂNICO","-24.83","-48.209166666667","2025-12-11 12:11:31","27"
"1395780","PERDA DE SINAL RECORRENTE","-24.966111111111","-48.468888888889","2025-12-11 11:44:31","BOTÃO DE PÂNICO","-24.83","-48.209166666667","2025-12-11 12:11:31","27"
"1395780","PERDA DE SINAL RECORRENTE","-24.966111111111","-48.468888888889","2025-12-11 11:55:31","BOTÃO DE PÂNICO","-24.83","-48.209166666667","2025-12-11 12:11:31","16"
"1395780","PERDA DE SINAL RECORRENTE","-24.966111111111","-48.468888888889","2025-12-11 11:55:31","BOTÃO DE PÂNICO","-24.83","-48.209166666667","2025-12-11 12:11:31","16"
"1395780","PERDA DE SINAL RECORRENTE","-24.966111111111","-48.468888888889","2025-12-11 12:06:31","BOTÃO DE PÂNICO","-24.83","-48.209166666667","2025-12-11 12:11:31","5"
"1395780","PERDA DE SINAL RECORRENTE","-24.966111111111","-48.468888888889","2025-12-11 12:06:31","BOTÃO DE PÂNICO","-24.83","-48.209166666667","2025-12-11 12:11:31","5"
"1394981","PERDA DE SINAL","-17.5115","-41.486","2025-12-12 13:26:31","BOTÃO DE PÂNICO","-17.5048","-41.489","2025-12-12 13:53:31","27"
"1397353","PERDA DE SINAL","-22.8114","-43.2808","2025-12-13 09:52:31","BOTÃO DE PÂNICO","-22.8114","-43.2808","2025-12-13 09:29:31","23"
"1402757","PERDA DE SINAL","-21.285555555556","-41.320833333333","2025-12-18 00:54:31","BOTÃO DE PÂNICO","-21.011944444444","-41.146666666667","2025-12-18 01:13:31","19"
"1402757","PERDA DE SINAL","-21.285555555556","-41.320833333333","2025-12-18 00:54:31","BOTÃO DE PÂNICO","-21.011944444444","-41.146666666667","2025-12-18 01:24:31","30"
"1402757","PERDA DE SINAL RECORRENTE","-21.285555555556","-41.320833333333","2025-12-18 01:04:31","BOTÃO DE PÂNICO","-21.011944444444","-41.146666666667","2025-12-18 01:13:31","9"
"1402757","PERDA DE SINAL RECORRENTE","-21.285555555556","-41.320833333333","2025-12-18 01:04:31","BOTÃO DE PÂNICO","-21.011944444444","-41.146666666667","2025-12-18 01:24:31","20"
"1402757","PERDA DE SINAL RECORRENTE","-21.285555555556","-41.320833333333","2025-12-18 01:04:31","BOTÃO DE PÂNICO","-21.011944444444","-41.146666666667","2025-12-18 01:13:31","9"
"1402757","PERDA DE SINAL RECORRENTE","-21.285555555556","-41.320833333333","2025-12-18 01:04:31","BOTÃO DE PÂNICO","-21.011944444444","-41.146666666667","2025-12-18 01:24:31","20"
"1410911","PERDA DE SINAL","-23.448333333333","-46.787222222222","2025-12-26 06:30:31","BOTÃO DE PÂNICO","-23.406666666667","-46.825555555556","2025-12-26 06:43:31","13"
"1410911","PERDA DE SINAL RECORRENTE","-23.448333333333","-46.787222222222","2025-12-26 06:40:31","BOTÃO DE PÂNICO","-23.406666666667","-46.825555555556","2025-12-26 06:43:31","3"
"1410911","PERDA DE SINAL RECORRENTE","-23.448333333333","-46.787222222222","2025-12-26 06:40:31","BOTÃO DE PÂNICO","-23.406666666667","-46.825555555556","2025-12-26 06:43:31","3"
"1412426","PERDA DE SINAL","-23.510833333333","-46.926388888889","2025-12-29 08:56:31","BOTÃO DE PÂNICO","-23.510833333333","-46.926388888889","2025-12-29 08:57:31","1"
"1412426","PERDA DE SINAL","-23.510833333333","-46.926388888889","2025-12-29 08:56:31","BOTÃO DE PÂNICO","-23.510833333333","-46.926388888889","2025-12-29 09:08:31","12"
"1413032","PERDA DE SINAL","-21.291944444444","-41.318611111111","2025-12-30 06:45:31","BOTÃO DE PÂNICO","-21.615","-41.315277777778","2025-12-30 07:14:31","29"
"1413032","PERDA DE SINAL RECORRENTE","-21.291944444444","-41.318611111111","2025-12-30 06:56:31","BOTÃO DE PÂNICO","-21.615","-41.315277777778","2025-12-30 07:14:31","18"
"1413032","PERDA DE SINAL RECORRENTE","-21.291944444444","-41.318611111111","2025-12-30 06:56:31","BOTÃO DE PÂNICO","-21.615","-41.315277777778","2025-12-30 07:14:31","18"
"1413032","PERDA DE SINAL RECORRENTE","-21.291944444444","-41.318611111111","2025-12-30 07:08:31","BOTÃO DE PÂNICO","-21.615","-41.315277777778","2025-12-30 07:14:31","6"
"1413032","PERDA DE SINAL RECORRENTE","-21.291944444444","-41.318611111111","2025-12-30 07:08:31","BOTÃO DE PÂNICO","-21.615","-41.315277777778","2025-12-30 07:14:31","6"
"1414725","PERDA DE SINAL","-12.5447","-39.4342","2026-01-03 04:57:31","BOTÃO DE PÂNICO","-12.5447","-39.4342","2026-01-03 05:17:31","20"
"1414725","PERDA DE SINAL RECORRENTE","-12.5447","-39.4342","2026-01-03 05:08:31","BOTÃO DE PÂNICO","-12.5447","-39.4342","2026-01-03 05:17:31","9"
"1414725","PERDA DE SINAL","-12.5447","-39.4342","2026-01-03 05:34:31","BOTÃO DE PÂNICO","-12.5447","-39.4342","2026-01-03 05:17:31","17"
"1422476","PERDA DE SINAL RECORRENTE","-22.811168333333335","-43.28056","2026-01-13 07:18:31","BOTÃO DE PÂNICO ACIONADO","-22.813578333333332","-43.28485833333333","2026-01-13 07:47:31","29"
"1422476","PERDA DE SINAL RECORRENTE","-22.811168333333335","-43.28056","2026-01-13 07:18:31","BOTÃO DE PÂNICO","-22.813578333333332","-43.28485833333333","2026-01-13 07:47:31","29"
"1422476","PERDA DE SINAL RECORRENTE","-22.811168333333335","-43.28056","2026-01-13 07:30:31","BOTÃO DE PÂNICO ACIONADO","-22.813578333333332","-43.28485833333333","2026-01-13 07:47:31","17"
"1422476","PERDA DE SINAL RECORRENTE","-22.811168333333335","-43.28056","2026-01-13 07:30:31","BOTÃO DE PÂNICO","-22.813578333333332","-43.28485833333333","2026-01-13 07:47:31","17"
"1422476","PERDA DE SINAL RECORRENTE","-22.811168333333335","-43.28056","2026-01-13 07:42:31","BOTÃO DE PÂNICO ACIONADO","-22.813578333333332","-43.28485833333333","2026-01-13 07:47:31","5"
"1422476","PERDA DE SINAL RECORRENTE","-22.811168333333335","-43.28056","2026-01-13 07:42:31","BOTÃO DE PÂNICO","-22.813578333333332","-43.28485833333333","2026-01-13 07:47:31","5"
"1431853","PERDA DE SINAL","-20.184722222222","-40.239722222222","2026-01-21 08:11:31","BOTÃO DE PÂNICO","-20.19","-40.239166666667","2026-01-21 08:41:31","30"
"1430394","PERDA DE SINAL","-18.2888","-41.7487","2026-01-21 20:21:31","BOTÃO DE PÂNICO","-18.2888","-41.7487","2026-01-21 20:41:31","20"
"1430394","PERDA DE SINAL RECORRENTE","-18.2888","-41.7487","2026-01-21 20:33:31","BOTÃO DE PÂNICO","-18.2888","-41.7487","2026-01-21 20:41:31","8"
"1430394","PERDA DE SINAL","-18.2888","-41.7487","2026-01-21 20:34:31","BOTÃO DE PÂNICO","-18.2888","-41.7487","2026-01-21 20:41:31","7"
"1430394","PERDA DE SINAL","-18.2888","-41.7487","2026-01-21 20:45:31","BOTÃO DE PÂNICO","-18.2888","-41.7487","2026-01-21 20:41:31","4"
"1432913","PERDA DE SINAL","-25.4610576","-49.3099168","2026-01-22 12:19:31","BOTÃO DE PÂNICO ACIONADO","-25.4610576","-49.3099168","2026-01-22 12:41:31","22"
"1434139","PERDA DE SINAL","-21.788","-42.7175","2026-01-24 02:53:31","BOTÃO DE PÂNICO","-21.7881","-42.7176","2026-01-24 03:05:31","12"
"1434376","PERDA DE SINAL","-14.8067","-40.7856","2026-01-26 11:11:31","BOTÃO DE PÂNICO","-14.8077","-40.7857","2026-01-26 10:43:31","28"
"1439356","PERDA DE SINAL","-16.6325","-49.201111111111","2026-01-28 17:24:31","BOTÃO DE PÂNICO","-16.6325","-49.201111111111","2026-01-28 17:35:31","11"
"1441136","PERDA DE SINAL","-21.825","-42.6842","2026-01-30 22:32:31","BOTÃO DE PÂNICO","-21.825","-42.6842","2026-01-30 22:51:31","19"
"1444676","PERDA DE SINAL","-21.7883","-53.1752","2026-02-04 10:26:31","BOTÃO DE PÂNICO","-21.7674","-53.2146","2026-02-04 10:53:31","27"
"1444676","PERDA DE SINAL","-21.7883","-53.1752","2026-02-04 10:48:31","BOTÃO DE PÂNICO","-21.7674","-53.2146","2026-02-04 10:53:31","5"
"1443996","PERDA DE SINAL RECORRENTE","-21.195","-41.6988","2026-02-04 12:48:31","BOTÃO DE PÂNICO","-21.195","-41.6988","2026-02-04 13:11:31","23"
"1443996","PERDA DE SINAL RECORRENTE","-21.195","-41.6988","2026-02-04 12:59:31","BOTÃO DE PÂNICO","-21.195","-41.6988","2026-02-04 13:11:31","12"
"1443996","PERDA DE SINAL RECORRENTE","-21.195","-41.6988","2026-02-04 13:10:31","BOTÃO DE PÂNICO","-21.195","-41.6988","2026-02-04 13:11:31","1"
"1443996","PERDA DE SINAL","-21.195","-41.6988","2026-02-04 13:12:31","BOTÃO DE PÂNICO","-21.195","-41.6988","2026-02-04 13:11:31","1"
"1443996","PERDA DE SINAL","-21.195","-41.6988","2026-02-04 13:23:31","BOTÃO DE PÂNICO","-21.195","-41.6988","2026-02-04 13:11:31","12"
"1443996","PERDA DE SINAL RECORRENTE","-21.195","-41.6988","2026-02-04 14:51:31","BOTÃO DE PÂNICO","-21.168","-41.6789","2026-02-04 15:15:31","24"
"1447281","PERDA DE SINAL","-21.9603","-42.8585","2026-02-05 20:49:31","BOTÃO DE PÂNICO","-21.9603","-42.8585","2026-02-05 21:11:31","22"
"1447281","PERDA DE SINAL RECORRENTE","-21.9603","-42.8585","2026-02-05 21:03:31","BOTÃO DE PÂNICO","-21.9603","-42.8585","2026-02-05 21:11:31","8"
"1447281","PERDA DE SINAL","-21.9603","-42.8585","2026-02-05 21:29:31","BOTÃO DE PÂNICO","-21.9603","-42.8585","2026-02-05 21:11:31","18"
"1451112","PERDA DE SINAL","-23.614444444444","-46.884722222222","2026-02-09 18:31:31","BOTÃO DE PÂNICO","-23.614444444444","-46.884722222222","2026-02-09 18:05:31","26"
"1451937","PERDA DE SINAL","-22.837777777778","-47.172222222222","2026-02-10 13:40:31","BOTÃO DE PÂNICO","-23.041388888889","-47.135277777778","2026-02-10 13:14:31","26"
"1453177","PERDA DE SINAL","-23.425555555556","-46.391666666667","2026-02-12 08:40:31","BOTÃO DE PÂNICO","-23.425555555556","-46.391666666667","2026-02-12 08:45:31","5"
"1453732","PERDA DE SINAL","-21.968333333333","-42.873611111111","2026-02-13 06:39:31","BOTÃO DE PÂNICO","-21.935","-42.799444444444","2026-02-13 06:55:31","16"
"1456613","PERDA DE SINAL","-20.191111111111","-40.237222222222","2026-02-16 06:37:31","BOTÃO DE PÂNICO","-20.191111111111","-40.236944444444","2026-02-16 06:52:31","15"
"1456613","PERDA DE SINAL","-20.190833333333","-40.236944444444","2026-02-16 06:48:31","BOTÃO DE PÂNICO","-20.191111111111","-40.236944444444","2026-02-16 06:52:31","4"
"1461188","PERDA DE SINAL","-23.5625","-46.704166666667","2026-02-20 14:56:31","BOTÃO DE PÂNICO","-23.511666666667","-46.925277777778","2026-02-20 15:23:31","27"
"1461188","PERDA DE SINAL","-23.504722222222","-46.8575","2026-02-20 15:18:31","BOTÃO DE PÂNICO","-23.511666666667","-46.925277777778","2026-02-20 15:23:31","5"
"1461339","PERDA DE SINAL RECORRENTE","-23.1588976","-51.1563424","2026-02-20 20:20:31","BOTÃO DE PÂNICO ACIONADO","-22.672336","-50.4803136","2026-02-20 20:35:31","15"
"1462839","PERDA DE SINAL","-29.803611111111","-51.176388888889","2026-02-23 11:51:31","BOTÃO DE PÂNICO","-29.803611111111","-51.176388888889","2026-02-23 11:27:31","24"
"1469025","PERDA DE SINAL RECORRENTE","-21.8764","-52.8873","2026-03-02 19:06:31","BOTÃO DE PÂNICO","-21.5122","-54.2441","2026-03-02 19:33:31","27"
"1469025","PERDA DE SINAL RECORRENTE","-21.8764","-52.8873","2026-03-02 19:18:31","BOTÃO DE PÂNICO","-21.5122","-54.2441","2026-03-02 19:33:31","15"
"1468927","PERDA DE SINAL","-20.169166666667","-40.203888888889","2026-03-03 16:34:31","BOTÃO DE PÂNICO","-20.169166666667","-40.203888888889","2026-03-03 16:37:31","3"
"1468927","PERDA DE SINAL","-20.169166666667","-40.203888888889","2026-03-03 16:45:31","BOTÃO DE PÂNICO","-20.169166666667","-40.203888888889","2026-03-03 16:37:31","8"
"1468927","PERDA DE SINAL","-20.169166666667","-40.203888888889","2026-03-03 16:56:31","BOTÃO DE PÂNICO","-20.169166666667","-40.203888888889","2026-03-03 16:37:31","19"
"1468927","PERDA DE SINAL","-20.169166666667","-40.203888888889","2026-03-03 16:56:31","BOTÃO DE PÂNICO","-20.169166666667","-40.203888888889","2026-03-03 17:24:31","28"
"1468927","PERDA DE SINAL RECORRENTE","-20.169166666667","-40.203888888889","2026-03-03 16:58:31","BOTÃO DE PÂNICO","-20.169166666667","-40.203888888889","2026-03-03 16:37:31","21"
"1468927","PERDA DE SINAL RECORRENTE","-20.169166666667","-40.203888888889","2026-03-03 16:58:31","BOTÃO DE PÂNICO","-20.169166666667","-40.203888888889","2026-03-03 17:24:31","26"
"1468927","PERDA DE SINAL RECORRENTE","-20.169166666667","-40.203888888889","2026-03-03 16:58:31","BOTÃO DE PÂNICO","-20.169166666667","-40.203888888889","2026-03-03 16:37:31","21"
"1468927","PERDA DE SINAL RECORRENTE","-20.169166666667","-40.203888888889","2026-03-03 16:58:31","BOTÃO DE PÂNICO","-20.169166666667","-40.203888888889","2026-03-03 17:24:31","26"
"1468927","PERDA DE SINAL RECORRENTE","-20.169166666667","-40.203888888889","2026-03-03 17:10:31","BOTÃO DE PÂNICO","-20.169166666667","-40.203888888889","2026-03-03 17:24:31","14"
"1468927","PERDA DE SINAL RECORRENTE","-20.169166666667","-40.203888888889","2026-03-03 17:10:31","BOTÃO DE PÂNICO","-20.169166666667","-40.203888888889","2026-03-03 17:24:31","14"
"1468927","PERDA DE SINAL RECORRENTE","-20.169166666667","-40.203888888889","2026-03-03 17:22:31","BOTÃO DE PÂNICO","-20.169166666667","-40.203888888889","2026-03-03 17:24:31","2"
"1468927","PERDA DE SINAL RECORRENTE","-20.169166666667","-40.203888888889","2026-03-03 17:22:31","BOTÃO DE PÂNICO","-20.169166666667","-40.203888888889","2026-03-03 17:24:31","2"
"1468927","PERDA DE SINAL","-20.169166666667","-40.203888888889","2026-03-03 17:25:31","BOTÃO DE PÂNICO","-20.169166666667","-40.203888888889","2026-03-03 17:24:31","1"
"1468927","PERDA DE SINAL","-20.169166666667","-40.203888888889","2026-03-03 17:36:31","BOTÃO DE PÂNICO","-20.169166666667","-40.203888888889","2026-03-03 17:24:31","12"
"1468927","PERDA DE SINAL","-20.169166666667","-40.203888888889","2026-03-03 17:48:31","BOTÃO DE PÂNICO","-20.169166666667","-40.203888888889","2026-03-03 17:24:31","24"
"1470886","PERDA DE SINAL","-22.663611111111","-42.995277777778","2026-03-04 15:26:31","BOTÃO DE PÂNICO","-22.663611111111","-42.995277777778","2026-03-04 15:20:31","6"
"1470886","PERDA DE SINAL RECORRENTE","-22.663611111111","-42.995277777778","2026-03-04 15:36:31","BOTÃO DE PÂNICO","-22.663611111111","-42.995277777778","2026-03-04 15:20:31","16"
"1470886","PERDA DE SINAL RECORRENTE","-22.663611111111","-42.995277777778","2026-03-04 15:36:31","BOTÃO DE PÂNICO","-22.663611111111","-42.995277777778","2026-03-04 15:20:31","16"
"1473462","PERDA DE SINAL","-23.425833333333","-46.391666666667","2026-03-04 17:39:31","BOTÃO DE PÂNICO","-23.425555555556","-46.391666666667","2026-03-04 17:55:31","16"
"1473462","PERDA DE SINAL","-23.425555555556","-46.391666666667","2026-03-04 17:50:31","BOTÃO DE PÂNICO","-23.425555555556","-46.391666666667","2026-03-04 17:55:31","5"
"1473462","PERDA DE SINAL","-23.425555555556","-46.391666666667","2026-03-04 18:01:31","BOTÃO DE PÂNICO","-23.425555555556","-46.391666666667","2026-03-04 17:55:31","6"
"1483081","PERDA DE SINAL RECORRENTE","-23.514444444444","-46.583611111111","2026-03-13 08:31:31","BOTÃO DE PÂNICO","-23.514444444444","-46.583611111111","2026-03-13 08:44:31","13"
"1483081","PERDA DE SINAL RECORRENTE","-23.514444444444","-46.583611111111","2026-03-13 08:31:31","BOTÃO DE PÂNICO","-23.514444444444","-46.583611111111","2026-03-13 08:44:31","13"
"1485605","PERDA DE SINAL","-25.5154","-49.1345","2026-03-16 20:58:31","BOTÃO DE PÂNICO","-25.5154","-49.1345","2026-03-16 20:32:31","26"
"1489081","PERDA DE SINAL","-13.4426","-40.0303","2026-03-21 07:00:31","BOTÃO DE PÂNICO","-13.0973","-39.9629","2026-03-21 07:19:31","19"
"1495215","PERDA DE SINAL","-20.205555555556","-40.250277777778","2026-03-24 11:32:31","BOTÃO DE PÂNICO","-20.205555555556","-40.250277777778","2026-03-24 12:02:31","30"
"1503937","PERDA DE SINAL","-3.8530555555556","-38.573888888889","2026-04-01 09:30:31","BOTÃO DE PÂNICO","-3.8511111111111","-38.573333333333","2026-04-01 09:33:31","3"
"1503937","PERDA DE SINAL","-3.8511111111111","-38.573333333333","2026-04-01 09:41:31","BOTÃO DE PÂNICO","-3.8511111111111","-38.573333333333","2026-04-01 09:33:31","8"
"1543107","PERDA DE SINAL","-20.353611111111","-40.435555555556","2026-05-08 09:59:31","BOTÃO DE PÂNICO","-20.353611111111","-40.435555555556","2026-05-08 10:07:31","8"
